role,content,refusal,finish_reason,usage
user,how can i make a peach pie?,,,
assistant,"Making a peach pie is a delicious way to enjoy fresh peaches! Here's a simple recipe for a classic peach pie:

Ingredients:
- 6-8 ripe peaches, peeled, pitted, and sliced
- 1 cup granulated sugar
- 1/4 cup all-purpose flour
- 1/2 teaspoon ground cinnamon
- 1/4 teaspoon salt
- 1 tablespoon lemon juice
- 1 tablespoon butter, cut into small pieces
- 1 package of store-bought or homemade pie crust

Instructions:
1. Preheat your oven to 425°F (220°C).
2. In a large mixing bowl, combine the sliced peaches, sugar, flour, cinnamon, salt, and lemon juice. Stir gently until the peaches are coated evenly.
3. Roll out one of the pie crusts and place it in a 9-inch pie dish, leaving some dough hanging over the edges.
4. Pour the peach mixture into the pie crust, spreading it out evenly.
5. Dot the top of the peach mixture with the butter.
6. Roll out the second pie crust and use it to cover the pie. Seal the edges by crimping or pressing them together.
7. Cut slits in the top crust to allow steam to escape during baking.
8. Optional: Brush the top crust with an egg wash (1 egg beaten with 1 tablespoon of water) for a shiny finish.
9. Place the pie on a baking sheet to catch any drips, and bake in the preheated oven for 45-50 minutes, or until the crust is golden brown and the filling is bubbly.
10. Allow the pie to cool for at least 1 hour before serving to let the filling set.

Enjoy your homemade peach pie! You can serve it warm with a scoop of vanilla ice cream for extra deliciousness.",,,
user,How should I make ramen?,,,
assistant,"Making homemade ramen is a delicious and satisfying meal! Here's a basic recipe to get you started:

Ingredients:
- 4 cups chicken or vegetable broth
- 2-3 cloves of garlic, minced
- 1 tablespoon fresh ginger, grated
- 2 tablespoons soy sauce
- 1 tablespoon miso paste (optional)
- 1 teaspoon sesame oil
- 8 oz ramen noodles
- Toppings of your choice: sliced green onions, soft-boiled eggs, sliced cooked chicken or pork, mushrooms, seaweed, spinach, corn, bean sprouts, etc.

Instructions:
1. In a large pot, heat a little bit of oil over medium heat. Add the minced garlic and grated ginger, and sauté for about 1 minute until fragrant. Be careful not to burn the garlic.
2. Add the chicken or vegetable broth to the pot and bring to a simmer.
3. Stir in the soy sauce and miso paste, if using. Let the broth simmer for about 10 minutes to allow the flavors to meld.
4. While the broth is simmering, prepare the toppings you'd like to add to your ramen.
5. Cook the ramen noodles according to the package instructions. Drain and set aside.
6. Once the broth is ready, taste and adjust the seasoning if needed.
7. To assemble your ramen bowls, divide the cooked noodles among serving bowls. Ladle the hot broth over the noodles.
8. Add your desired toppings to the bowls.
9. Drizzle a little sesame oil over the top for extra flavor.
10. Serve your homemade ramen hot and enjoy!

Feel free to customize your ramen with different proteins, vegetables, and seasonings to suit your taste preferences. Homemade ramen is versatile and can be adapted in many ways, so have fun experimenting with different ingredients!",,,
